"ID_salarie";"%variable_moyen";"Age";"Ancienneté_an";"Augmentation";"Contrat";"Distance domicile/Travail";"Durée hebdo";"Enfant";"Niveau de satisfaction";"Promotion";"Service";"Sexe";"Tranche age";"Tranche_Salariale";"Work_accident";"Taux_dactivite";"Salaire ETP";"Taux_dactivite par tranche"
1;13;58;12.6;1;"CDI";59;35;1;67;0;"Marketing";"F";"50 ans-60 ans";"6000-7000";"Non";87.5;75.244;"100%"
2;32;59;11.8;0;"CDI";31;24;1;66;0;"Commercial";"F";"50 ans-60 ans";"4000-5000";"Oui";60;82.90533333333333;"80%"
3;19;43;11.9;1;"CDI";65;32;1;59;0;"RH";"F";"40 ans-50 ans";"8000-9000";"Non";80;110.75999999999999;"80%"
4;14;35;10.2;1;"CDI";59;35;1;60;0;"Compta Finances";"F";"30 ans-40 ans";"8000-9000";"Non";87.5;95.17733371428571;"100%"
5;17;37;7.9;1;"CDI";59;35;0;34;0;"Consultant";"F";"30 ans-40 ans";"7000-8000";"Non";87.5;83.47733371428572;"100%"
6;21;50;8.6;1;"CDI";34;35;1;84;0;"RH";"F";"50 ans-60 ans";"7000-8000";"Non";87.5;87.29066628571428;"100%"
7;30;45;14.9;1;"CDI";36;35;1;62;1;"Commercial";"H";"40 ans-50 ans";"1000-2000";"Non";87.5;18.182666285714287;"100%"
8;38;43;6.3;0;"CDI";23;35;0;69;0;"Consultant";"F";"40 ans-50 ans";"9000-10000";"Non";87.5;111.8;"100%"
9;36;46;18.2;1;"CDI";23;35;1;54;0;"Commercial";"F";"40 ans-50 ans";"8000-9000";"Oui";87.5;92.872;"100%"
10;11;42;23.1;1;"CDI";49;35;0;31;0;"Commercial";"F";"40 ans-50 ans";"5000-6000";"Non";87.5;58.205333714285715;"100%"
11;24;51;23.8;1;"CDI";40;35;1;9;0;"Consultant";"F";"50 ans-60 ans";"9000-10000";"Non";87.5;107.72666628571429;"100%"
12;8;60;6.7;1;"CDI";7;24;1;35;0;"RH";"F";"60 ans ou plus";"4000-5000";"Non";60;68.62266666666666;"80%"
13;16;48;23.9;1;"CDI";70;35;1;38;1;"Commercial";"F";"40 ans-50 ans";"6000-7000";"Non";87.5;70.44266628571428;"100%"
14;39;64;18.6;0;"CDI";16;35;1;30;0;"RH";"F";"60 ans ou plus";"5000-6000";"Non";87.5;60.49333371428571;"100%"
15;32;60;20.5;1;"CDI";61;35;0;70;0;"Compta Finances";"H";"60 ans ou plus";"2000-3000";"Non";87.5;29.761333714285716;"100%"
16;37;42;24.1;1;"CDI";28;35;0;54;1;"Marketing";"H";"40 ans-50 ans";"7000-8000";"Non";87.5;82.108;"100%"
17;8;54;13.3;1;"CDI";17;28;1;9;0;"Consultant";"H";"50 ans-60 ans";"2000-3000";"Non";70;40.196;"80%"
18;21;43;15.2;1;"CDI";62;35;1;96;0;"Compta Finances";"H";"40 ans-50 ans";"7000-8000";"Non";87.5;88.608;"100%"
19;17;31;1.1;1;"CDD";31;35;1;18;0;"Compta Finances";"F";"30 ans-40 ans";"1000-2000";"Non";87.5;21.944;"100%"
20;17;52;9.1;1;"CDI";46;35;1;7;0;"Consultant";"F";"50 ans-60 ans";"9000-10000";"Non";87.5;104.7106662857143;"100%"
21;30;55;10.3;0;"CDI";38;35;1;25;0;"Consultant";"F";"50 ans-60 ans";"3000-4000";"Non";87.5;39.537333714285715;"100%"
22;6;50;19.5;0;"CDI";30;24;1;73;0;"RH";"F";"50 ans-60 ans";"3000-4000";"Non";60;51.01199999999999;"80%"
23;31;29;9.9;1;"CDI";48;28;1;17;0;"Marketing";"H";"20 ans-30 ans";"7000-8000";"Non";70;105.12666714285713;"80%"
24;2;32;1.1;0;"CDD";14;35;1;81;0;"Consultant";"F";"30 ans-40 ans";"2000-3000";"Non";87.5;25.445333714285713;"100%"
25;21;35;7.9;1;"CDI";27;35;1;42;0;"RH";"F";"30 ans-40 ans";"7000-8000";"Oui";87.5;81.69200000000001;"100%"
26;19;36;5.2;0;"CDI";5;35;1;62;1;"RH";"F";"30 ans-40 ans";"8000-9000";"Non";87.5;99.96133371428571;"100%"
27;15;35;18.6;1;"CDI";49;24;1;100;0;"Compta Finances";"H";"30 ans-40 ans";"5000-6000";"Non";60;95.40266666666666;"80%"
28;27;36;10.3;1;"CDI";11;35;0;44;0;"Compta Finances";"H";"30 ans-40 ans";"3000-4000";"Non";87.5;39.27733371428572;"100%"
29;27;33;16.5;0;"CDI";47;35;0;53;0;"Compta Finances";"F";"30 ans-40 ans";"7000-8000";"Non";87.5;90.16799999999999;"100%"
30;17;53;13.8;0;"CDI";51;35;0;19;0;"Commercial";"H";"50 ans-60 ans";"5000-6000";"Non";87.5;65.71066628571428;"100%"
31;17;46;13.8;1;"CDI";63;35;1;81;0;"Commercial";"F";"40 ans-50 ans";"9000-10000";"Non";87.5;108.54133371428571;"100%"
32;34;59;13.1;1;"CDI";19;35;1;89;0;"Marketing";"H";"50 ans-60 ans";"8000-9000";"Non";87.5;99.38933371428571;"100%"
33;17;32;16.2;1;"CDI";69;35;1;41;0;"Commercial";"H";"30 ans-40 ans";"5000-6000";"Non";87.5;67.9986662857143;"100%"
34;6;53;24.7;1;"CDI";30;35;1;51;1;"Consultant";"F";"50 ans-60 ans";"5000-6000";"Non";87.5;65.58933371428571;"100%"
35;5;31;3;1;"CDI";6;35;1;41;0;"Commercial";"F";"30 ans-40 ans";"6000-7000";"Oui";87.5;78.15599999999999;"100%"
36;5;45;4.6;1;"CDI";51;35;1;3;0;"Commercial";"F";"40 ans-50 ans";"6000-7000";"Non";87.5;70.99733371428572;"100%"
37;15;64;6.2;1;"CDI";61;35;1;24;0;"Consultant";"H";"60 ans ou plus";"2000-3000";"Non";87.5;32.396;"100%"
38;0;49;14.3;1;"CDI";65;35;1;94;1;"Compta Finances";"F";"40 ans-50 ans";"6000-7000";"Non";87.5;70.02666628571428;"100%"
39;19;54;16.2;1;"CDI";19;35;1;15;0;"RH";"F";"50 ans-60 ans";"3000-4000";"Non";87.5;34.424;"100%"
40;1;39;6;0;"CDI";12;35;0;30;0;"Informatique";"H";"30 ans-40 ans";"6000-7000";"Oui";87.5;74.2213337142857;"100%"
41;19;42;12.5;1;"CDI";53;35;0;55;1;"Compta Finances";"F";"40 ans-50 ans";"7000-8000";"Non";87.5;86.87466628571428;"100%"
42;20;53;3.4;1;"CDI";42;35;0;60;0;"Consultant";"H";"50 ans-60 ans";"2000-3000";"Non";87.5;30.576;"100%"
43;18;47;16.2;1;"CDI";47;24;1;98;1;"RH";"F";"40 ans-50 ans";"2000-3000";"Non";60;41.79066666666667;"80%"
44;13;35;17.4;0;"CDI";41;35;0;68;0;"Consultant";"H";"30 ans-40 ans";"2000-3000";"Non";87.5;29.276;"100%"
45;39;45;19.2;1;"CDI";35;35;1;74;0;"Commercial";"H";"40 ans-50 ans";"6000-7000";"Oui";87.5;68.93466628571429;"100%"
46;39;47;21.2;1;"CDI";44;35;0;89;0;"Consultant";"H";"40 ans-50 ans";"2000-3000";"Non";87.5;33.34933371428571;"100%"
47;3;43;16.9;1;"CDI";65;35;1;36;0;"Consultant";"H";"40 ans-50 ans";"6000-7000";"Non";87.5;69.07333371428571;"100%"
48;40;41;24.2;1;"CDI";62;35;0;60;0;"Consultant";"H";"40 ans-50 ans";"4000-5000";"Non";87.5;45.72533371428571;"100%"
49;11;48;7;1;"CDI";29;35;0;68;0;"Consultant";"H";"40 ans-50 ans";"6000-7000";"Non";87.5;73.12933371428572;"100%"
50;4;45;14.2;1;"CDI";4;35;0;42;0;"Consultant";"H";"40 ans-50 ans";"2000-3000";"Non";87.5;23.14;"100%"
51;31;51;19.1;0;"CDI";50;35;0;99;1;"Consultant";"H";"50 ans-60 ans";"6000-7000";"Non";87.5;79.6986662857143;"100%"
52;12;36;8.1;0;"CDI";59;35;0;93;0;"Compta Finances";"F";"30 ans-40 ans";"4000-5000";"Non";87.5;45.864;"100%"
53;9;51;24.8;1;"CDI";44;24;1;47;1;"Compta Finances";"F";"50 ans-60 ans";"3000-4000";"Non";60;64.22;"80%"
54;19;41;6.4;1;"CDI";68;35;1;32;0;"RH";"H";"40 ans-50 ans";"9000-10000";"Oui";87.5;110.11866628571428;"100%"
55;17;54;19;0;"CDI";13;35;0;3;0;"RH";"H";"50 ans-60 ans";"9000-10000";"Non";87.5;110.20533371428573;"100%"
56;23;52;8.2;0;"CDI";3;35;1;63;0;"Commercial";"F";"50 ans-60 ans";"2000-3000";"Non";87.5;26.398666285714285;"100%"
57;4;42;6.7;0;"CDI";20;35;1;69;0;"Marketing";"F";"40 ans-50 ans";"9000-10000";"Non";87.5;105.35199999999999;"100%"
58;32;57;7.2;0;"CDI";28;35;1;13;0;"Consultant";"H";"50 ans-60 ans";"3000-4000";"Non";87.5;44.47733371428571;"100%"
59;26;43;15.8;1;"CDI";68;35;0;25;0;"Compta Finances";"F";"40 ans-50 ans";"8000-9000";"Non";87.5;98.92133371428572;"100%"
60;11;50;4.2;0;"CDI";39;35;0;32;0;"Informatique";"H";"50 ans-60 ans";"5000-6000";"Non";87.5;59.57466628571429;"100%"
61;18;33;14;0;"CDI";44;35;1;40;1;"Marketing";"F";"30 ans-40 ans";"1000-2000";"Non";87.5;18.269333714285715;"100%"
62;33;53;4.4;0;"CDI";43;35;0;20;0;"RH";"F";"50 ans-60 ans";"5000-6000";"Non";87.5;58.014666285714284;"100%"
63;7;60;5.5;1;"CDI";67;35;1;66;0;"Compta Finances";"H";"60 ans ou plus";"7000-8000";"Non";87.5;82.12533371428572;"100%"
64;5;47;7.9;1;"CDI";28;35;1;77;0;"Informatique";"H";"40 ans-50 ans";"9000-10000";"Non";87.5;109.408;"100%"
65;27;36;13.8;0;"CDI";68;35;1;59;0;"Marketing";"H";"30 ans-40 ans";"7000-8000";"Non";87.5;87.29066628571428;"100%"
66;19;36;6.6;0;"CDI";58;35;1;92;0;"Consultant";"F";"30 ans-40 ans";"2000-3000";"Non";87.5;23.174666285714288;"100%"
67;39;47;5.7;1;"CDI";24;35;1;87;0;"Consultant";"F";"40 ans-50 ans";"1000-2000";"Non";87.5;19.465333714285713;"100%"
68;24;44;7.2;1;"CDI";59;35;1;72;0;"Consultant";"F";"40 ans-50 ans";"6000-7000";"Non";87.5;73.30266628571428;"100%"
69;22;37;1.8;0;"CDD";59;35;1;59;0;"Consultant";"H";"30 ans-40 ans";"2000-3000";"Oui";87.5;29.241333714285716;"100%"
70;33;64;19.3;0;"CDI";41;35;1;69;0;"Marketing";"H";"60 ans ou plus";"3000-4000";"Non";87.5;41.77333371428572;"100%"
71;38;53;14.9;1;"CDI";6;35;0;52;1;"Commercial";"H";"50 ans-60 ans";"9000-10000";"Non";87.5;108.43733371428571;"100%"
72;39;50;9.3;1;"CDI";57;35;0;4;0;"Compta Finances";"F";"50 ans-60 ans";"4000-5000";"Non";87.5;48.047999999999995;"100%"
73;9;44;17.3;0;"CDI";69;35;0;47;0;"RH";"F";"40 ans-50 ans";"7000-8000";"Non";87.5;87.86266628571428;"100%"
74;12;56;22.6;0;"CDI";43;24;1;41;0;"Informatique";"H";"50 ans-60 ans";"4000-5000";"Non";60;69.42;"80%"
75;23;53;14.3;1;"CDI";31;35;1;31;0;"Commercial";"H";"50 ans-60 ans";"7000-8000";"Oui";87.5;88.15733371428571;"100%"
76;39;53;15.1;1;"CDI";34;35;0;55;0;"RH";"F";"50 ans-60 ans";"5000-6000";"Non";87.5;57.910666285714285;"100%"
77;34;58;3.8;0;"CDI";53;35;1;58;0;"Commercial";"F";"50 ans-60 ans";"2000-3000";"Non";87.5;23.66;"100%"
78;20;34;13.9;1;"CDI";50;35;1;15;0;"Commercial";"F";"30 ans-40 ans";"9000-10000";"Non";87.5;109.2;"100%"
79;37;37;21.1;0;"CDI";22;35;1;15;0;"Commercial";"H";"30 ans-40 ans";"5000-6000";"Non";87.5;66.352;"100%"
80;17;51;9.9;1;"CDI";45;24;0;1;0;"Commercial";"F";"50 ans-60 ans";"4000-5000";"Non";60;81.38000000000001;"80%"
81;4;42;22.7;0;"CDI";59;32;1;6;0;"Compta Finances";"F";"40 ans-50 ans";"6000-7000";"Non";80;84.292;"80%"
82;17;49;23.3;0;"CDI";48;24;1;57;0;"Informatique";"H";"40 ans-50 ans";"6000-7000";"Non";60;102.97733333333333;"80%"
83;21;50;24.2;0;"CDI";9;35;1;86;0;"Commercial";"H";"50 ans-60 ans";"2000-3000";"Non";87.5;32.32666628571428;"100%"
84;6;40;5.5;1;"CDI";46;35;1;31;0;"Compta Finances";"H";"40 ans-50 ans";"1000-2000";"Non";87.5;22.62;"100%"
85;9;57;24.7;1;"CDI";53;35;1;61;1;"Commercial";"F";"50 ans-60 ans";"3000-4000";"Non";87.5;43.437333714285714;"100%"
86;34;32;4.8;1;"CDI";33;35;1;14;0;"Compta Finances";"F";"30 ans-40 ans";"4000-5000";"Non";87.5;47.97866628571429;"100%"
87;35;27;3.5;1;"CDI";61;35;1;44;0;"Compta Finances";"F";"20 ans-30 ans";"2000-3000";"Non";87.5;22.949333714285714;"100%"
88;17;32;10.6;0;"CDI";18;35;1;84;1;"Commercial";"F";"30 ans-40 ans";"8000-9000";"Oui";87.5;100.89733371428572;"100%"
89;5;42;23.3;1;"CDI";60;35;1;54;0;"Informatique";"H";"40 ans-50 ans";"7000-8000";"Non";87.5;87.48133371428571;"100%"
90;7;39;10.8;1;"CDI";44;35;1;73;0;"Marketing";"F";"30 ans-40 ans";"4000-5000";"Non";87.5;54.444;"100%"
91;27;56;21.2;0;"CDI";49;24;0;47;0;"RH";"H";"50 ans-60 ans";"2000-3000";"Non";60;45.586666666666666;"80%"
92;24;51;23.9;0;"CDI";52;35;1;29;0;"RH";"F";"50 ans-60 ans";"3000-4000";"Non";87.5;43.40266628571428;"100%"
93;24;56;24;0;"CDI";55;35;1;95;0;"RH";"H";"50 ans-60 ans";"5000-6000";"Non";87.5;57.54666628571429;"100%"
94;14;56;15.6;0;"CDI";36;35;1;37;0;"Marketing";"H";"50 ans-60 ans";"4000-5000";"Non";87.5;45.967999999999996;"100%"
95;36;38;5.8;1;"CDI";61;35;1;94;0;"Consultant";"H";"30 ans-40 ans";"5000-6000";"Non";87.5;66.40400000000001;"100%"
96;18;51;20;1;"CDI";57;35;1;44;0;"Commercial";"H";"50 ans-60 ans";"8000-9000";"Oui";87.5;96.32133371428571;"100%"
97;7;51;19;0;"CDI";7;35;1;8;0;"Consultant";"H";"50 ans-60 ans";"5000-6000";"Non";87.5;62.348;"100%"
98;1;56;7.4;1;"CDI";5;35;1;84;0;"Compta Finances";"F";"50 ans-60 ans";"9000-10000";"Non";87.5;105.78533371428573;"100%"
99;26;54;14.9;0;"CDI";13;35;1;99;0;"RH";"F";"50 ans-60 ans";"3000-4000";"Non";87.5;43.836;"100%"
100;1;31;11.8;0;"CDI";46;35;1;49;1;"RH";"H";"30 ans-40 ans";"3000-4000";"Non";87.5;44.373333714285714;"100%"
101;27;35;7.5;0;"CDI";70;35;1;86;0;"RH";"H";"30 ans-40 ans";"7000-8000";"Non";87.5;88.12266628571429;"100%"
102;10;42;9.3;1;"CDI";35;28;0;62;0;"Consultant";"H";"40 ans-50 ans";"5000-6000";"Non";70;72.81733285714286;"80%"
103;28;42;21.1;0;"CDI";5;35;1;59;0;"Consultant";"F";"40 ans-50 ans";"2000-3000";"Non";87.5;23.694666285714288;"100%"
104;37;59;8.7;0;"CDI";60;35;1;26;0;"Compta Finances";"H";"50 ans-60 ans";"8000-9000";"Non";87.5;99.38933371428571;"100%"
105;19;59;20.2;0;"CDI";65;35;1;63;0;"Consultant";"F";"50 ans-60 ans";"6000-7000";"Oui";87.5;75.33066628571429;"100%"
106;34;53;8.8;0;"CDI";13;35;1;25;0;"Marketing";"F";"50 ans-60 ans";"3000-4000";"Non";87.5;37.21466628571429;"100%"
107;22;39;22.8;0;"CDI";62;35;0;34;0;"Consultant";"H";"30 ans-40 ans";"4000-5000";"Non";87.5;47.25066628571428;"100%"
108;13;36;8.3;1;"CDI";63;35;1;50;0;"Consultant";"H";"30 ans-40 ans";"4000-5000";"Non";87.5;48.932;"100%"
109;36;45;22.2;1;"CDI";28;35;1;63;0;"RH";"F";"40 ans-50 ans";"7000-8000";"Non";87.5;90.02933371428571;"100%"
110;33;50;2.9;1;"CDI";3;35;1;2;0;"Consultant";"H";"50 ans-60 ans";"4000-5000";"Non";87.5;50.855999999999995;"100%"
111;30;35;17;1;"CDI";28;35;1;42;0;"Commercial";"F";"30 ans-40 ans";"3000-4000";"Non";87.5;37.26666628571429;"100%"
112;12;50;1.2;0;"CDD";12;32;1;100;0;"Consultant";"H";"50 ans-60 ans";"2000-3000";"Non";80;29.466666249999996;"80%"
113;10;48;9.8;0;"CDI";22;35;1;77;0;"RH";"F";"40 ans-50 ans";"5000-6000";"Non";87.5;58.361333714285706;"100%"
114;24;39;0.3;0;"CDD";42;35;1;25;0;"Marketing";"H";"30 ans-40 ans";"3000-4000";"Non";87.5;42.206666285714284;"100%"
115;14;48;21.8;0;"CDI";31;35;1;75;0;"Marketing";"F";"40 ans-50 ans";"8000-9000";"Non";87.5;92.07466628571429;"100%"
116;12;61;12.6;0;"CDI";33;35;0;82;1;"Consultant";"F";"60 ans ou plus";"4000-5000";"Non";87.5;49.01866628571429;"100%"
117;7;47;18.7;0;"CDI";26;35;1;48;0;"Commercial";"H";"40 ans-50 ans";"9000-10000";"Oui";87.5;109.408;"100%"
118;12;60;13.2;0;"CDI";44;24;1;37;0;"Consultant";"H";"60 ans ou plus";"2000-3000";"Non";60;34.25066666666667;"80%"
119;7;48;13.7;1;"CDI";34;35;0;40;1;"Compta Finances";"F";"40 ans-50 ans";"2000-3000";"Oui";87.5;23.764;"100%"
120;15;39;10.2;0;"CDI";35;35;1;92;0;"Marketing";"H";"30 ans-40 ans";"4000-5000";"Non";87.5;52.84933371428572;"100%"
121;34;46;13;0;"CDI";26;35;0;78;0;"Compta Finances";"H";"40 ans-50 ans";"9000-10000";"Non";87.5;114.036;"100%"
122;38;48;16.2;1;"CDI";55;35;1;51;0;"Marketing";"F";"40 ans-50 ans";"4000-5000";"Oui";87.5;52.156;"100%"
123;32;38;20.5;0;"CDI";45;35;0;7;0;"Commercial";"H";"30 ans-40 ans";"6000-7000";"Oui";87.5;69.95733371428571;"100%"
124;38;33;11.7;0;"CDI";68;35;1;69;0;"RH";"F";"30 ans-40 ans";"8000-9000";"Non";87.5;92.664;"100%"
125;6;41;21.9;1;"CDI";55;35;0;77;0;"Commercial";"F";"40 ans-50 ans";"7000-8000";"Non";87.5;85.67866628571429;"100%"
126;33;43;5.9;0;"CDI";23;35;1;37;0;"Marketing";"H";"40 ans-50 ans";"5000-6000";"Non";87.5;67.77333371428571;"100%"
127;14;36;20.6;0;"CDI";64;24;0;11;0;"RH";"F";"30 ans-40 ans";"4000-5000";"Non";60;80.86;"80%"
128;5;56;24.4;0;"CDI";39;35;1;32;0;"Informatique";"F";"50 ans-60 ans";"4000-5000";"Oui";87.5;53.3;"100%"
129;3;47;19.4;0;"CDI";38;35;0;44;0;"Commercial";"F";"40 ans-50 ans";"8000-9000";"Non";87.5;98.6266662857143;"100%"
130;31;53;15.7;0;"CDI";69;35;0;48;0;"Compta Finances";"H";"50 ans-60 ans";"4000-5000";"Non";87.5;48.724000000000004;"100%"
131;39;57;1.8;0;"CDD";6;35;1;84;0;"Compta Finances";"F";"50 ans-60 ans";"2000-3000";"Non";87.5;24.266666285714283;"100%"
132;27;31;10;1;"CDI";16;35;1;58;1;"RH";"H";"30 ans-40 ans";"9000-10000";"Non";87.5;113.464;"100%"
133;30;47;24.2;0;"CDI";58;35;1;29;0;"Marketing";"F";"40 ans-50 ans";"4000-5000";"Non";87.5;50.56133371428571;"100%"
134;14;46;24.3;1;"CDI";35;35;1;47;0;"Commercial";"F";"40 ans-50 ans";"6000-7000";"Non";87.5;77.93066628571428;"100%"
135;10;57;23.5;1;"CDI";14;35;1;66;0;"Consultant";"H";"50 ans-60 ans";"2000-3000";"Non";87.5;31.737333714285715;"100%"
136;24;40;22.7;0;"CDI";4;35;0;45;0;"Marketing";"H";"40 ans-50 ans";"9000-10000";"Non";87.5;113.60266628571428;"100%"
137;33;37;22.6;0;"CDI";47;35;1;95;1;"Commercial";"H";"30 ans-40 ans";"3000-4000";"Non";87.5;42.03333371428572;"100%"
138;4;41;10.5;1;"CDI";56;35;0;13;0;"Commercial";"F";"40 ans-50 ans";"9000-10000";"Oui";87.5;111.748;"100%"
139;16;34;6.3;0;"CDI";29;35;0;14;1;"Commercial";"H";"30 ans-40 ans";"8000-9000";"Oui";87.5;95.28133371428572;"100%"
140;38;53;11.7;0;"CDI";54;35;0;96;1;"Compta Finances";"F";"50 ans-60 ans";"8000-9000";"Non";87.5;96.252;"100%"
141;36;59;22.8;0;"CDI";67;35;1;4;1;"Informatique";"H";"50 ans-60 ans";"6000-7000";"Non";87.5;74.58533371428571;"100%"
142;1;48;23.2;1;"CDI";29;35;1;39;0;"Commercial";"H";"40 ans-50 ans";"7000-8000";"Oui";87.5;81.12;"100%"
143;22;27;12.4;1;"CDI";41;35;0;32;0;"Marketing";"H";"20 ans-30 ans";"1000-2000";"Non";87.5;19.084;"100%"
144;7;49;9.2;1;"CDI";65;28;1;5;1;"Consultant";"H";"40 ans-50 ans";"7000-8000";"Non";70;103.844;"80%"
145;8;49;22.2;0;"CDI";37;35;0;52;0;"Compta Finances";"H";"40 ans-50 ans";"4000-5000";"Non";87.5;57.00933371428572;"100%"
146;7;42;21.5;0;"CDI";55;35;1;87;0;"RH";"H";"40 ans-50 ans";"8000-9000";"Non";87.5;97.864;"100%"
147;2;47;12.5;0;"CDI";11;35;1;69;0;"Consultant";"H";"40 ans-50 ans";"2000-3000";"Non";87.5;32.5;"100%"
148;6;51;14.2;1;"CDI";8;35;1;28;1;"Compta Finances";"H";"50 ans-60 ans";"4000-5000";"Non";87.5;50.52666628571429;"100%"
149;28;35;17.2;0;"CDI";48;35;1;40;0;"Commercial";"H";"30 ans-40 ans";"9000-10000";"Oui";87.5;111.83466628571428;"100%"
150;28;43;22.3;0;"CDI";37;35;1;74;0;"Marketing";"F";"40 ans-50 ans";"4000-5000";"Non";87.5;46.66133371428572;"100%"
151;12;38;5.2;0;"CDI";34;35;1;42;0;"Compta Finances";"F";"30 ans-40 ans";"8000-9000";"Non";87.5;95.2293337142857;"100%"
152;32;45;10;1;"CDI";21;35;1;42;0;"Commercial";"H";"40 ans-50 ans";"7000-8000";"Oui";87.5;90.60133371428572;"100%"
153;1;34;11.9;0;"CDI";16;24;1;68;1;"Compta Finances";"F";"30 ans-40 ans";"1000-2000";"Non";60;17.662666666666667;"80%"
154;35;38;10.2;1;"CDI";42;35;1;98;0;"Commercial";"F";"30 ans-40 ans";"2000-3000";"Non";87.5;33.332;"100%"
155;39;27;11.7;1;"CDI";43;35;1;1;0;"Consultant";"F";"20 ans-30 ans";"3000-4000";"Non";87.5;40.54266628571428;"100%"
156;30;42;20.4;0;"CDI";9;35;1;39;0;"RH";"H";"40 ans-50 ans";"3000-4000";"Non";87.5;43.472;"100%"
157;19;30;5.6;0;"CDI";7;24;0;33;1;"Consultant";"H";"30 ans-40 ans";"4000-5000";"Non";60;79.92399999999999;"80%"
158;17;35;17.3;0;"CDI";45;35;1;21;1;"Commercial";"F";"30 ans-40 ans";"6000-7000";"Non";87.5;78.884;"100%"
159;20;51;16.4;1;"CDI";23;35;1;44;1;"Compta Finances";"H";"50 ans-60 ans";"1000-2000";"Non";87.5;20.262666285714285;"100%"
160;21;53;7.1;0;"CDI";38;35;1;80;0;"Consultant";"H";"50 ans-60 ans";"6000-7000";"Non";87.5;73.25066628571429;"100%"
161;35;56;4.2;0;"CDI";65;35;1;40;1;"Marketing";"F";"50 ans-60 ans";"2000-3000";"Non";87.5;33.28;"100%"
162;30;54;12.7;1;"CDI";16;35;1;84;1;"RH";"H";"50 ans-60 ans";"7000-8000";"Non";87.5;83.00933371428572;"100%"
163;8;32;4.4;1;"CDI";67;35;1;81;0;"Consultant";"H";"30 ans-40 ans";"1000-2000";"Non";87.5;20.609333714285714;"100%"
164;27;50;19.3;1;"CDI";23;35;1;23;0;"RH";"F";"50 ans-60 ans";"3000-4000";"Non";87.5;36.781333714285715;"100%"
165;34;58;9.7;0;"CDI";28;35;1;39;0;"Consultant";"F";"50 ans-60 ans";"6000-7000";"Non";87.5;72.02;"100%"
166;33;54;5.3;1;"CDI";30;35;1;97;1;"Commercial";"F";"50 ans-60 ans";"2000-3000";"Oui";87.5;33.47066628571429;"100%"
167;6;46;24.9;0;"CDI";62;35;1;17;0;"Commercial";"H";"40 ans-50 ans";"5000-6000";"Non";87.5;68.39733371428572;"100%"
168;26;40;12;1;"CDI";66;35;0;46;0;"Consultant";"F";"40 ans-50 ans";"4000-5000";"Non";87.5;53.85466628571429;"100%"
169;28;54;7.5;1;"CDI";6;35;1;90;0;"RH";"H";"50 ans-60 ans";"3000-4000";"Non";87.5;38.116;"100%"
170;38;26;0.8;;"CDD";8;35;1;45;0;"Compta Finances";"F";"20 ans-30 ans";"3000-4000";"Non";87.5;36.590666285714285;"100%"
171;32;50;8.2;1;"CDI";65;24;0;1;0;"Marketing";"F";"50 ans-60 ans";"5000-6000";"Non";60;99.19866666666667;"80%"
172;32;39;16.8;1;"CDI";60;35;1;38;0;"Marketing";"F";"30 ans-40 ans";"3000-4000";"Non";87.5;41.114666285714286;"100%"
173;16;48;5.5;1;"CDI";43;35;1;47;0;"Consultant";"F";"40 ans-50 ans";"1000-2000";"Non";87.5;20.28;"100%"
174;6;45;1.1;0;"CDD";9;35;1;96;0;"Marketing";"F";"40 ans-50 ans";"3000-4000";"Non";87.5;41.6;"100%"
175;3;55;20.1;1;"CDI";12;35;1;25;0;"Consultant";"H";"50 ans-60 ans";"9000-10000";"Non";87.5;107.43199999999999;"100%"
176;21;37;9.2;0;"CDI";21;35;1;79;0;"Commercial";"H";"30 ans-40 ans";"2000-3000";"Oui";87.5;28.704;"100%"
177;3;40;20.6;1;"CDI";13;35;0;99;0;"Marketing";"H";"40 ans-50 ans";"3000-4000";"Oui";87.5;39.572;"100%"
178;20;35;12.8;0;"CDI";20;35;1;52;0;"Commercial";"F";"30 ans-40 ans";"2000-3000";"Non";87.5;27.074666285714287;"100%"
179;10;37;20.4;0;"CDI";55;35;0;78;0;"RH";"H";"30 ans-40 ans";"8000-9000";"Non";87.5;94.60533371428572;"100%"
180;17;26;15.7;1;"CDI";48;35;1;50;0;"Consultant";"F";"20 ans-30 ans";"5000-6000";"Non";87.5;63.83866628571429;"100%"
181;38;33;6.5;1;"CDI";68;35;1;89;0;"Consultant";"H";"30 ans-40 ans";"7000-8000";"Non";87.5;82.03866628571429;"100%"
182;38;45;10.8;1;"CDI";27;35;1;78;0;"Commercial";"F";"40 ans-50 ans";"7000-8000";"Non";87.5;90.77466628571429;"100%"
183;4;48;16.2;1;"CDI";21;35;1;3;0;"Consultant";"F";"40 ans-50 ans";"2000-3000";"Non";87.5;31.217333714285715;"100%"
184;20;32;8.3;0;"CDI";50;35;1;93;0;"Informatique";"H";"30 ans-40 ans";"8000-9000";"Non";87.5;99.61466628571428;"100%"
185;11;48;21.6;0;"CDI";14;35;1;62;0;"Commercial";"H";"40 ans-50 ans";"2000-3000";"Oui";87.5;27.386666285714284;"100%"
186;0;46;21.1;1;"CDI";61;35;1;1;0;"Consultant";"H";"40 ans-50 ans";"9000-10000";"Non";87.5;107.96933371428571;"100%"
187;35;60;23;0;"CDI";3;35;1;65;0;"Compta Finances";"F";"60 ans ou plus";"7000-8000";"Oui";87.5;90.272;"100%"
188;21;49;0.6;0;"CDD";14;35;1;70;0;"Marketing";"F";"40 ans-50 ans";"2000-3000";"Oui";87.5;27.733333714285717;"100%"
189;38;29;9.7;0;"CDI";30;35;0;29;0;"RH";"H";"20 ans-30 ans";"6000-7000";"Non";87.5;70.5813337142857;"100%"
190;27;52;1.9;0;"CDD";15;35;1;76;0;"Commercial";"F";"50 ans-60 ans";"2000-3000";"Non";87.5;32.933333714285716;"100%"
191;20;29;10.7;1;"CDI";30;35;0;1;1;"RH";"H";"20 ans-30 ans";"9000-10000";"Non";87.5;103.30666628571429;"100%"
192;24;32;16.2;1;"CDI";66;35;1;46;0;"RH";"F";"30 ans-40 ans";"5000-6000";"Non";87.5;57.78933371428572;"100%"
193;20;39;23.9;1;"CDI";47;35;1;86;1;"Commercial";"F";"30 ans-40 ans";"5000-6000";"Oui";87.5;63.78666628571429;"100%"
194;12;51;7.4;1;"CDI";62;35;1;72;1;"Consultant";"H";"50 ans-60 ans";"9000-10000";"Non";87.5;111.28;"100%"
195;13;58;10.3;0;"CDI";31;35;1;32;1;"Compta Finances";"F";"50 ans-60 ans";"8000-9000";"Non";87.5;92.07466628571429;"100%"
196;6;37;19;0;"CDI";3;35;1;15;0;"Compta Finances";"H";"30 ans-40 ans";"1000-2000";"Non";87.5;20.973333714285715;"100%"
197;30;53;7.3;0;"CDI";9;24;1;51;0;"Consultant";"H";"50 ans-60 ans";"5000-6000";"Non";60;90.80933333333334;"80%"
198;14;50;6.3;1;"CDI";17;24;0;30;0;"Consultant";"H";"50 ans-60 ans";"1000-2000";"Non";60;18.512;"80%"
199;37;41;3.8;1;"CDI";30;35;1;77;1;"Consultant";"F";"40 ans-50 ans";"7000-8000";"Non";87.5;87.68933371428572;"100%"
200;8;60;0.4;0;"CDD";17;35;1;24;0;"Consultant";"F";"60 ans ou plus";"3000-4000";"Non";87.5;34.666666285714285;"100%"
201;26;34;4.2;1;"CDI";40;35;1;4;0;"Informatique";"F";"30 ans-40 ans";"6000-7000";"Non";87.5;72.644;"100%"
202;8;54;8.2;0;"CDI";25;35;1;17;1;"Compta Finances";"H";"50 ans-60 ans";"1000-2000";"Non";87.5;20.956;"100%"
203;30;46;22.4;1;"CDI";48;35;1;81;0;"Marketing";"H";"40 ans-50 ans";"3000-4000";"Non";87.5;40.94133371428571;"100%"
204;3;45;1.7;0;"CDD";60;35;1;58;0;"Commercial";"F";"40 ans-50 ans";"3000-4000";"Non";87.5;36.4;"100%"
205;21;57;23.9;1;"CDI";37;24;1;1;0;"Marketing";"H";"50 ans-60 ans";"6000-7000";"Non";60;114.036;"80%"
206;8;45;9.1;1;"CDI";46;35;1;74;1;"Informatique";"F";"40 ans-50 ans";"9000-10000";"Non";87.5;107.05066628571429;"100%"
207;12;33;2.5;1;"CDI";55;35;1;67;0;"Marketing";"F";"30 ans-40 ans";"1000-2000";"Non";87.5;21.302666285714288;"100%"
208;5;36;1.4;0;"CDD";67;35;0;19;0;"Marketing";"H";"30 ans-40 ans";"1000-2000";"Non";87.5;22.741333714285716;"100%"
209;22;51;5.8;1;"CDI";59;35;1;46;0;"RH";"H";"50 ans-60 ans";"4000-5000";"Non";87.5;51.428;"100%"
210;10;45;1.4;0;"CDD";42;35;1;18;0;"Consultant";"F";"40 ans-50 ans";"3000-4000";"Non";87.5;36.20933371428571;"100%"
211;23;48;17.2;0;"CDI";11;35;1;56;0;"Compta Finances";"H";"40 ans-50 ans";"3000-4000";"Non";87.5;38.67066628571429;"100%"
212;34;44;17.4;1;"CDI";42;35;1;90;0;"Consultant";"F";"40 ans-50 ans";"4000-5000";"Non";87.5;51.61866628571429;"100%"
213;18;40;17.1;0;"CDI";43;35;0;69;0;"Consultant";"H";"40 ans-50 ans";"1000-2000";"Non";87.5;18.876;"100%"
214;38;48;15.7;1;"CDI";29;35;1;70;1;"Compta Finances";"H";"40 ans-50 ans";"8000-9000";"Non";87.5;92.26533371428572;"100%"
215;24;25;9.3;1;"CDI";45;35;1;95;0;"Consultant";"F";"20 ans-30 ans";"2000-3000";"Non";87.5;23.66;"100%"
216;37;55;15.6;1;"CDI";24;35;0;80;0;"Commercial";"H";"50 ans-60 ans";"8000-9000";"Non";87.5;99.59733371428571;"100%"
217;3;38;3.7;0;"CDI";26;35;0;6;0;"RH";"F";"30 ans-40 ans";"7000-8000";"Non";87.5;81.79599999999999;"100%"
218;17;59;6;1;"CDI";67;35;1;70;0;"Compta Finances";"F";"50 ans-60 ans";"7000-8000";"Non";87.5;84.30933371428571;"100%"
219;1;42;18.4;0;"CDI";64;35;1;11;0;"Commercial";"H";"40 ans-50 ans";"9000-10000";"Non";87.5;103.65333371428571;"100%"
220;4;60;15.7;1;"CDI";45;35;1;80;0;"RH";"H";"60 ans ou plus";"5000-6000";"Non";87.5;61.25599999999999;"100%"
221;19;44;23.7;0;"CDI";38;28;0;15;0;"Consultant";"H";"40 ans-50 ans";"1000-2000";"Non";70;26.450667142857146;"80%"
222;35;41;24.4;0;"CDI";8;35;1;36;0;"Consultant";"H";"40 ans-50 ans";"3000-4000";"Non";87.5;36.937333714285714;"100%"
223;11;48;24;0;"CDI";60;35;1;92;1;"RH";"H";"40 ans-50 ans";"3000-4000";"Non";87.5;40.092;"100%"
224;21;29;8.2;1;"CDI";13;35;1;22;0;"Marketing";"H";"20 ans-30 ans";"2000-3000";"Non";87.5;34.268;"100%"
225;2;47;22.8;1;"CDI";38;35;1;70;0;"Marketing";"H";"40 ans-50 ans";"6000-7000";"Oui";87.5;68.60533371428572;"100%"
226;0;58;6.8;0;"CDI";18;35;1;67;0;"Commercial";"F";"50 ans-60 ans";"3000-4000";"Oui";87.5;36.17466628571429;"100%"
227;10;50;10.3;1;"CDI";11;24;0;87;1;"Consultant";"H";"50 ans-60 ans";"1000-2000";"Non";60;28.496;"80%"
228;19;30;3.1;0;"CDI";13;35;1;65;0;"RH";"H";"30 ans-40 ans";"3000-4000";"Non";87.5;39.84933371428571;"100%"
229;6;65;9.2;1;"CDI";44;35;1;88;0;"RH";"H";"60 ans ou plus";"2000-3000";"Non";87.5;31.633333714285715;"100%"
230;21;49;1.3;0;"CDD";43;32;0;6;0;"Consultant";"F";"40 ans-50 ans";"2000-3000";"Oui";80;31.2;"80%"
231;13;29;5.3;;"CDI";60;35;0;12;0;"Compta Finances";"F";"20 ans-30 ans";"2000-3000";"Non";87.5;23.452;"100%"
232;31;56;15.6;0;"CDI";65;35;1;64;0;"Marketing";"H";"50 ans-60 ans";"7000-8000";"Non";87.5;83.02666628571428;"100%"
233;21;58;5.8;0;"CDI";44;35;1;8;0;"Informatique";"H";"50 ans-60 ans";"9000-10000";"Oui";87.5;103.96533371428572;"100%"
234;7;48;15.8;1;"CDI";46;35;0;60;0;"Commercial";"F";"40 ans-50 ans";"4000-5000";"Oui";87.5;47.458666285714294;"100%"
235;27;47;12.2;0;"CDI";28;35;1;45;0;"Consultant";"H";"40 ans-50 ans";"1000-2000";"Non";87.5;21.406666285714287;"100%"
236;30;45;8.4;1;"CDI";17;35;1;51;0;"Consultant";"F";"40 ans-50 ans";"5000-6000";"Non";87.5;61.58533371428572;"100%"
237;14;63;16.3;0;"CDI";28;35;1;32;0;"Compta Finances";"F";"60 ans ou plus";"8000-9000";"Non";87.5;93.9293337142857;"100%"
238;13;63;25;0;"CDI";58;35;1;19;0;"Consultant";"F";"60 ans ou plus";"3000-4000";"Non";87.5;35.39466628571429;"100%"
239;18;46;3.2;1;"CDI";15;35;1;60;1;"Consultant";"F";"40 ans-50 ans";"2000-3000";"Non";87.5;24.370666285714286;"100%"
240;1;37;15.2;0;"CDI";31;35;1;35;0;"Informatique";"H";"30 ans-40 ans";"8000-9000";"Non";87.5;96.668;"100%"
241;23;45;23.3;1;"CDI";9;35;1;81;1;"Marketing";"H";"40 ans-50 ans";"5000-6000";"Non";87.5;63.05866628571429;"100%"
242;23;46;13.1;0;"CDI";27;35;1;56;1;"Commercial";"H";"40 ans-50 ans";"6000-7000";"Non";87.5;70.80666628571429;"100%"
243;26;53;20;0;"CDI";8;35;0;31;0;"Informatique";"H";"50 ans-60 ans";"7000-8000";"Non";87.5;80.92933371428572;"100%"
244;23;51;22.4;1;"CDI";64;24;1;15;0;"Commercial";"F";"50 ans-60 ans";"5000-6000";"Non";60;98.26266666666668;"80%"
245;12;37;20.2;0;"CDI";53;35;1;24;0;"Consultant";"F";"30 ans-40 ans";"7000-8000";"Non";87.5;83.52933371428571;"100%"
246;9;61;5.9;1;"CDI";70;35;1;7;0;"RH";"F";"60 ans ou plus";"5000-6000";"Non";87.5;63.11066628571428;"100%"
247;33;37;18.9;0;"CDI";69;35;1;89;0;"Compta Finances";"H";"30 ans-40 ans";"2000-3000";"Oui";87.5;31.650666285714287;"100%"
248;39;31;7.5;0;"CDI";60;24;1;25;0;"Marketing";"H";"30 ans-40 ans";"5000-6000";"Non";60;91.03466666666667;"80%"
249;37;61;8.2;0;"CDI";43;24;1;48;0;"RH";"F";"60 ans ou plus";"3000-4000";"Non";60;51.948;"80%"
250;27;40;17.8;0;"CDI";56;35;0;34;0;"Marketing";"H";"40 ans-50 ans";"9000-10000";"Non";87.5;114.27866628571428;"100%"
251;34;48;10.5;0;"CDI";6;35;0;47;0;"Commercial";"H";"40 ans-50 ans";"5000-6000";"Non";87.5;62.452000000000005;"100%"
252;15;33;3.3;1;"CDD";15;35;0;81;0;"Informatique";"H";"30 ans-40 ans";"2000-3000";"Oui";87.5;32.552;"100%"
253;17;53;21.7;1;"CDI";59;35;1;98;0;"Consultant";"H";"50 ans-60 ans";"1000-2000";"Non";87.5;19.396;"100%"
254;29;46;13;1;"CDI";68;35;1;62;0;"RH";"F";"40 ans-50 ans";"3000-4000";"Oui";87.5;42.345333714285715;"100%"
255;39;61;10.8;0;"CDI";32;35;0;39;0;"Consultant";"H";"60 ans ou plus";"4000-5000";"Non";87.5;49.10533371428571;"100%"
256;13;40;22.5;0;"CDI";69;35;1;60;0;"Consultant";"F";"40 ans-50 ans";"9000-10000";"Non";87.5;112.84;"100%"
